{
  "last_run": "2026-04-19T20:23:36.021504",
  "processed_ids": [
    "2604.15037",
    "2604.14878",
    "2604.14930",
    "2604.15186",
    "2604.15267",
    "2604.15022",
    "2604.15309"
  ],
  "failed_ids": [
    "2604.15190"
  ],
  "stats": {
    "total": 103,
    "processed": 2,
    "failed": 0,
    "skipped": 1
  }
}