{
  "last_run": "2026-04-24T07:18:05.952546",
  "processed_ids": [
    "2604.20811",
    "2604.14510",
    "2604.14833",
    "2604.18547",
    "2604.15244",
    "2604.18467",
    "2604.20720",
    "2604.14930",
    "2604.15272",
    "2604.15153",
    "2604.14581",
    "2604.14705",
    "2604.20677",
    "2604.19550",
    "2604.15309",
    "2604.18146",
    "2604.20714",
    "2604.15093",
    "2604.14598",
    "2604.15202",
    "2604.19635",
    "2604.18576",
    "2604.14984",
    "2604.15188",
    "2604.18375",
    "2604.20825",
    "2604.13389",
    "2604.15291",
    "2604.19664",
    "2604.14881",
    "2604.15044",
    "2604.15231",
    "2604.15109",
    "2604.15140",
    "2604.15267",
    "2604.18351",
    "2604.19440",
    "2604.15186",
    "2604.15151",
    "2604.18584",
    "2604.14613",
    "2604.20755",
    "2604.18530",
    "2604.15224",
    "2604.18509",
    "2604.15124",
    "2604.15166",
    "2604.19269",
    "2604.14878",
    "2604.19633",
    "2604.14969",
    "2604.14839",
    "2604.15203",
    "2604.15148",
    "2604.15302",
    "2604.14586",
    "2604.18556",
    "2604.14967",
    "2604.15121",
    "2604.13796",
    "2604.15233",
    "2604.18468",
    "2604.18459",
    "2604.18486",
    "2604.18489",
    "2604.19548",
    "2604.15184",
    "2604.19298",
    "2604.14114",
    "2604.15022",
    "2604.15294",
    "2604.19859",
    "2604.14738",
    "2604.20065",
    "2604.14922",
    "2604.13801",
    "2604.13737",
    "2604.18943",
    "2604.14866",
    "2604.18401",
    "2604.15037",
    "2604.13665",
    "2604.15306",
    "2604.14595",
    "2604.14902",
    "2604.14961",
    "2604.14951",
    "2604.14972",
    "2604.15165",
    "2604.15190",
    "2604.20805",
    "2604.15280",
    "2604.20795"
  ],
  "failed_ids": [
    "2604.14030",
    "2604.14961",
    "2604.17680",
    "2604.14969",
    "2604.13573",
    "2604.15190",
    "2604.18556",
    "2604.14967",
    "2604.18518",
    "2604.20666",
    "2604.19653",
    "2604.15236",
    "2604.20727",
    "2604.18509",
    "2604.14051"
  ],
  "stats": {
    "total": 110,
    "processed": 1,
    "failed": 2,
    "skipped": 0
  }
}