{
  "last_run": "2026-04-19T20:02:06.758176",
  "processed_ids": [
    "2604.14878",
    "2604.15037",
    "2604.15022"
  ],
  "failed_ids": [],
  "stats": {
    "total": 103,
    "processed": 2,
    "failed": 0,
    "skipped": 1
  }
}