{
  "last_run": "2026-04-19T23:21:09.190417",
  "processed_ids": [
    "2604.14839",
    "2604.15233",
    "2604.13796",
    "2604.15151",
    "2604.15224",
    "2604.14878",
    "2604.15267",
    "2604.14598",
    "2604.14902",
    "2604.14114",
    "2604.14586",
    "2604.15309",
    "2604.15093",
    "2604.14613",
    "2604.15153",
    "2604.14951",
    "2604.14833",
    "2604.15140",
    "2604.13389",
    "2604.13737",
    "2604.15037",
    "2604.13665",
    "2604.14510",
    "2604.14930",
    "2604.15148",
    "2604.15124",
    "2604.15244",
    "2604.14972",
    "2604.15302",
    "2604.15184",
    "2604.15022",
    "2604.15109",
    "2604.14581",
    "2604.13801",
    "2604.15186",
    "2604.14922",
    "2604.15165",
    "2604.15231"
  ],
  "failed_ids": [
    "2604.14051",
    "2604.15236",
    "2604.15190",
    "2604.13573",
    "2604.14030"
  ],
  "stats": {
    "total": 103,
    "processed": 2,
    "failed": 0,
    "skipped": 1
  }
}